{"cameraMode":{"drawMode":0,"name":"Shaded","section":"Shading Mode"},"sceneLighting":false,"audioPlay":false,"sceneViewState":{"showFog":false,"showMaterialUpdate":false,"showSkybox":false,"showFlares":false,"showImageEffects":false,"showParticleSystems":false},"in2DMode":false,"pivot":{"x":1.5674210786819459,"y":2.882160186767578,"z":0.19770513474941255},"rotation":{"x":-0.4264654517173767,"y":0.5672842264175415,"z":-0.43919137120246889,"w":-0.5508478283882141},"size":30.8149356842041,"orthographic":false}