{"cameraMode":{"drawMode":0,"name":"Shaded","section":"Shading Mode"},"sceneLighting":false,"audioPlay":false,"sceneViewState":{"showFog":false,"showMaterialUpdate":false,"showSkybox":false,"showFlares":false,"showImageEffects":false,"showParticleSystems":false},"in2DMode":false,"pivot":{"x":349.86712646484377,"y":137.74061584472657,"z":99.4000244140625},"rotation":{"x":0.004190562758594751,"y":-0.008402757346630097,"z":-0.000033170606911880895,"w":-0.9999633431434631},"size":475.5212097167969,"orthographic":false}